,Sample 1,Sample 2,Sample 3,Sample 4,Sample 5,Sample 6,Sample 7,Sample 8,Sample 9,Sample 10,Sample 11,Sample 12,Sample 13,Sample 14,Sample 15,Sample 16,Sample 17,Sample 18,Sample 19
Conductivity,455.33,448.33,429,449.33,330.6666667,543.3333333,564.33,1000.333333,1676.666667,2260,1733.333333,5393.333333,7480,9200,2246.666667,2970,1127,884,431
pH,9.21,9,7.963333333,8.4,7.53,7.976666667,8.356666667,7.923333333,7.813333333,7.596666667,7.993333333,7.95,7.74,7.613333333,8.906666667,7.87,7.69,7.333333333,8.173333333
Temperature,28.73333333,29.7,25.16666667,24.96666667,22.53333333,24.83333333,22.53333333,24.33333333,23.50666667,21.43333333,25.96666667,26.4,25.5,23.46666667,19.4,19.3,14.1,15.8,20.43333333
DissolvedOxygen,11.03333333,11.26666667,6.933333333,9.7,6.786666667,8.283333333,11.14,8.056666667,7.55,8.63,8.143333333,8.523333333,8.283333333,8.05,8.533333333,8.233333333,5.09,5.423333333,7.3
Phosphate,0.288,0.261,0.207,0.324,0.371,0.167,0.131,0.107,0.204,0.125,0.113,0.075,0.078,0.074,0.184,0.098,3.264,1.239,0.384
